Workbook

Sheet 출시현황
A1: [데브늄] 부의금 카드결제(부의페이) & 이음부고 전사 출시 현황판
A3: 핵심 지표 | B3: 현재 값 | C3: 데브늄 부의금 서비스 6대 출시 원칙
A4: 전체 항목 | B4: =COUNTA('출시_체크리스트'!A5:A131) | C4: 1. PG사(이노페이)의 서면 승인 및 정산 계약 완료
A5: 완료 | B5: =COUNTIF('출시_체크리스트'!F5:F131, "완료") | C5: 2. 부의금 원금은 PG사가 상주 계좌로 직접 실시간/익일 지급
A6: 진행중 | B6: =COUNTIF('출시_체크리스트'!F5:F131, "진행중") | C6: 3. 데브늄은 단독 서비스 제공자이자 대표 가맹점 (무등록 PG 리스크 차단)
A7: 미확인 | B7: =COUNTIF('출시_체크리스트'!F5:F131, "미확인") | C7: 4. 고객사(장례식장/부고온)는 하위가맹점이 아닌 제휴채널 역할만 수행
A8: 필수 미완료 | B8: =COUNTIFS('출시_체크리스트'!C5:C131, "필수", '출시_체크리스트'!F5:F131, "<>완료") | C8: 5. 부의금 원금과 서비스 이용료(8.6%)를 시스템·회계상 완전 분리
A9: 전체 진행률 | B9: =IF(B4>0, B5/B4, 0) | C9: 6. 필수 미완료가 0건이고 이지훈 대표님 최종 승인 시 정식 런칭
A10: 출시 판정 | B10: =IF(B8=0, "출시 승인", "출시 보류 (QA 진행중)")
A12: 분야 | B12: 전체 | C12: 완료 | D12: 진행중 | E12: 미확인 | F12: 진행률
A13: PG사 승인 및 계약 | B13: =COUNTIF('출시_체크리스트'!B5:B131, "PG사 승인 및 계약") | C13: =COUNTIFS('출시_체크리스트'!B5:B131, "PG사 승인 및 계약", '출시_체크리스트'!F5:F131, "완료") | D13: =COUNTIFS('출시_체크리스트'!B5:B131, "PG사 승인 및 계약", '출시_체크리스트'!F5:F131, "진행중") | E13: =COUNTIFS('출시_체크리스트'!B5:B131, "PG사 승인 및 계약", '출시_체크리스트'!F5:F131, "미확인") | F13: =IF(B13>0, C13/B13, 0)
A14: 법률·회계 검토 | B14: =COUNTIF('출시_체크리스트'!B5:B131, "법률·회계 검토") | C14: =COUNTIFS('출시_체크리스트'!B5:B131, "법률·회계 검토", '출시_체크리스트'!F5:F131, "완료") | D14: =COUNTIFS('출시_체크리스트'!B5:B131, "법률·회계 검토", '출시_체크리스트'!F5:F131, "진행중") | E14: =COUNTIFS('출시_체크리스트'!B5:B131, "법률·회계 검토", '출시_체크리스트'!F5:F131, "미확인") | F14: =IF(B14>0, C14/B14, 0)
A15: 고객사 계약 | B15: =COUNTIF('출시_체크리스트'!B5:B131, "고객사 계약") | C15: =COUNTIFS('출시_체크리스트'!B5:B131, "고객사 계약", '출시_체크리스트'!F5:F131, "완료") | D15: =COUNTIFS('출시_체크리스트'!B5:B131, "고객사 계약", '출시_체크리스트'!F5:F131, "진행중") | E15: =COUNTIFS('출시_체크리스트'!B5:B131, "고객사 계약", '출시_체크리스트'!F5:F131, "미확인") | F15: =IF(B15>0, C15/B15, 0)
A16: 고객사 수수료 | B16: =COUNTIF('출시_체크리스트'!B5:B131, "고객사 수수료") | C16: =COUNTIFS('출시_체크리스트'!B5:B131, "고객사 수수료", '출시_체크리스트'!F5:F131, "완료") | D16: =COUNTIFS('출시_체크리스트'!B5:B131, "고객사 수수료", '출시_체크리스트'!F5:F131, "진행중") | E16: =COUNTIFS('출시_체크리스트'!B5:B131, "고객사 수수료", '출시_체크리스트'!F5:F131, "미확인") | F16: =IF(B16>0, C16/B16, 0)
A17: 이용약관 및 결제화면 | B17: =COUNTIF('출시_체크리스트'!B5:B131, "이용약관 및 결제화면") | C17: =COUNTIFS('출시_체크리스트'!B5:B131, "이용약관 및 결제화면", '출시_체크리스트'!F5:F131, "완료") | D17: =COUNTIFS('출시_체크리스트'!B5:B131, "이용약관 및 결제화면", '출시_체크리스트'!F5:F131, "진행중") | E17: =COUNTIFS('출시_체크리스트'!B5:B131, "이용약관 및 결제화면", '출시_체크리스트'!F5:F131, "미확인") | F17: =IF(B17>0, C17/B17, 0)
A18: 상주 및 계좌 확인 | B18: =COUNTIF('출시_체크리스트'!B5:B131, "상주 및 계좌 확인") | C18: =COUNTIFS('출시_체크리스트'!B5:B131, "상주 및 계좌 확인", '출시_체크리스트'!F5:F131, "완료") | D18: =COUNTIFS('출시_체크리스트'!B5:B131, "상주 및 계좌 확인", '출시_체크리스트'!F5:F131, "진행중") | E18: =COUNTIFS('출시_체크리스트'!B5:B131, "상주 및 계좌 확인", '출시_체크리스트'!F5:F131, "미확인") | F18: =IF(B18>0, C18/B18, 0)
A19: 취소·환불·차지백 | B19: =COUNTIF('출시_체크리스트'!B5:B131, "취소·환불·차지백") | C19: =COUNTIFS('출시_체크리스트'!B5:B131, "취소·환불·차지백", '출시_체크리스트'!F5:F131, "완료") | D19: =COUNTIFS('출시_체크리스트'!B5:B131, "취소·환불·차지백", '출시_체크리스트'!F5:F131, "진행중") | E19: =COUNTIFS('출시_체크리스트'!B5:B131, "취소·환불·차지백", '출시_체크리스트'!F5:F131, "미확인") | F19: =IF(B19>0, C19/B19, 0)
A20: 부정결제 및 사고 방지 | B20: =COUNTIF('출시_체크리스트'!B5:B131, "부정결제 및 사고 방지") | C20: =COUNTIFS('출시_체크리스트'!B5:B131, "부정결제 및 사고 방지", '출시_체크리스트'!F5:F131, "완료") | D20: =COUNTIFS('출시_체크리스트'!B5:B131, "부정결제 및 사고 방지", '출시_체크리스트'!F5:F131, "진행중") | E20: =COUNTIFS('출시_체크리스트'!B5:B131, "부정결제 및 사고 방지", '출시_체크리스트'!F5:F131, "미확인") | F20: =IF(B20>0, C20/B20, 0)
A21: 개인정보 보호 | B21: =COUNTIF('출시_체크리스트'!B5:B131, "개인정보 보호") | C21: =COUNTIFS('출시_체크리스트'!B5:B131, "개인정보 보호", '출시_체크리스트'!F5:F131, "완료") | D21: =COUNTIFS('출시_체크리스트'!B5:B131, "개인정보 보호", '출시_체크리스트'!F5:F131, "진행중") | E21: =COUNTIFS('출시_체크리스트'!B5:B131, "개인정보 보호", '출시_체크리스트'!F5:F131, "미확인") | F21: =IF(B21>0, C21/B21, 0)
A22: 정산 및 관리자 기능 | B22: =COUNTIF('출시_체크리스트'!B5:B131, "정산 및 관리자 기능") | C22: =COUNTIFS('출시_체크리스트'!B5:B131, "정산 및 관리자 기능", '출시_체크리스트'!F5:F131, "완료") | D22: =COUNTIFS('출시_체크리스트'!B5:B131, "정산 및 관리자 기능", '출시_체크리스트'!F5:F131, "진행중") | E22: =COUNTIFS('출시_체크리스트'!B5:B131, "정산 및 관리자 기능", '출시_체크리스트'!F5:F131, "미확인") | F22: =IF(B22>0, C22/B22, 0)
A23: 영수증 및 증빙 | B23: =COUNTIF('출시_체크리스트'!B5:B131, "영수증 및 증빙") | C23: =COUNTIFS('출시_체크리스트'!B5:B131, "영수증 및 증빙", '출시_체크리스트'!F5:F131, "완료") | D23: =COUNTIFS('출시_체크리스트'!B5:B131, "영수증 및 증빙", '출시_체크리스트'!F5:F131, "진행중") | E23: =COUNTIFS('출시_체크리스트'!B5:B131, "영수증 및 증빙", '출시_체크리스트'!F5:F131, "미확인") | F23: =IF(B23>0, C23/B23, 0)
A24: 운영 및 고객응대 | B24: =COUNTIF('출시_체크리스트'!B5:B131, "운영 및 고객응대") | C24: =COUNTIFS('출시_체크리스트'!B5:B131, "운영 및 고객응대", '출시_체크리스트'!F5:F131, "완료") | D24: =COUNTIFS('출시_체크리스트'!B5:B131, "운영 및 고객응대", '출시_체크리스트'!F5:F131, "진행중") | E24: =COUNTIFS('출시_체크리스트'!B5:B131, "운영 및 고객응대", '출시_체크리스트'!F5:F131, "미확인") | F24: =IF(B24>0, C24/B24, 0)
A25: 출시 전 테스트 | B25: =COUNTIF('출시_체크리스트'!B5:B131, "출시 전 테스트") | C25: =COUNTIFS('출시_체크리스트'!B5:B131, "출시 전 테스트", '출시_체크리스트'!F5:F131, "완료") | D25: =COUNTIFS('출시_체크리스트'!B5:B131, "출시 전 테스트", '출시_체크리스트'!F5:F131, "진행중") | E25: =COUNTIFS('출시_체크리스트'!B5:B131, "출시 전 테스트", '출시_체크리스트'!F5:F131, "미확인") | F25: =IF(B25>0, C25/B25, 0)
A26: 최종 출시 승인 | B26: =COUNTIF('출시_체크리스트'!B5:B131, "최종 출시 승인") | C26: =COUNTIFS('출시_체크리스트'!B5:B131, "최종 출시 승인", '출시_체크리스트'!F5:F131, "완료") | D26: =COUNTIFS('출시_체크리스트'!B5:B131, "최종 출시 승인", '출시_체크리스트'!F5:F131, "진행중") | E26: =COUNTIFS('출시_체크리스트'!B5:B131, "최종 출시 승인", '출시_체크리스트'!F5:F131, "미확인") | F26: =IF(B26>0, C26/B26, 0)

Sheet 출시_체크리스트
A1: [데브늄] 부의금 카드결제 서비스 출시 전 전사 체크리스트 (실제 현황)
A2: 기준일: 2026-09-02 | 필수 항목 미완료 0건 및 대표님 최종 승인 시 런칭 | 상태: 완료(초록) / 진행중(노랑) / 미확인(살구)
A4: 번호 | B4: 분야 | C4: 중요도 | D4: 확인사항 | E4: 담당부서 | F4: 상태 | G4: 확인결과·실무근거 | H4: 완료(예정)일
A5: 1 | B5: PG사 승인 및 계약 | C5: 필수 | D5: 데브늄이 단독 가맹점이자 서비스 제공자로 승인되었는가? | E5: 대표/사업운영 | F5: 완료 | G5: 8/31 이노페이 부대표 미팅 완료, 단독 대표 가맹점 승인 완료 | H5: 2026-08-31
A6: 2 | B6: PG사 승인 및 계약 | C6: 필수 | D6: 고객사는 하위가맹점이 아닌 제휴채널로 인정받았는가? | E6: 대표/사업운영 | F6: 완료 | G6: 장례식장/부고온은 제휴 홍보채널로 규정, 하위가맹점 배제 합의 | H6: 2026-08-31
A7: 3 | B7: PG사 승인 및 계약 | C7: 필수 | D7: PG사와 고객사 간 직접 계약이 필요 없음을 확인했는가? | E7: 대표/사업운영 | F7: 완료 | G7: 고객사-PG사 직계약 없음, 데브늄-고객사 제휴 계약만 체결 | H7: 2026-08-31
A8: 4 | B8: PG사 승인 및 계약 | C8: 필수 | D8: 고객사 부고장·사이트·앱에서 서비스를 제공할 수 있는가? | E8: 대표/사업운영 | F8: 완료 | G8: URL 파라미터(?ref, ?partner) 및 웹뷰/iframe 연동 승인 | H8: 2026-08-31
A9: 5 | B9: PG사 승인 및 계약 | C9: 필수 | D9: PG사에 고객사명·도메인을 어디까지 제공해야 하는지 확인했는가? | E9: 대표/사업운영 | F9: 완료 | G9: platformId=md_iumbugo 등 매체코드로 식별하여 전송 합의 | H9: 2026-09-02
A10: 6 | B10: PG사 승인 및 계약 | C10: 필수 | D10: PG사가 고객사에 직접 영업하지 못하도록 비밀유지·영업금지 조항을 넣었는가? | E10: 대표/사업운영 | F10: 진행중 | G10: 이노페이 가맹점 제휴 특약서 본안 법무 검토 중 | H10: 2026-09-04
A11: 7 | B11: PG사 승인 및 계약 | C11: 필수 | D11: PG사가 부의금 원금을 상주 계좌로 직접 지급할 수 있는가? | E11: 대표/사업운영 | F11: 완료 | G11: 이노페이 정산 대행 모듈을 통한 상주 직접 송금 확인 | H11: 2026-08-31
A12: 8 | B12: PG사 승인 및 계약 | C12: 필수 | D12: 상주를 가맹점이 아닌 지정 수취인으로 처리할 수 있는가? | E12: 대표/사업운영 | F12: 완료 | G12: 여신전문금융업법상 비영리 증여금 수취인 구조 확정 | H12: 2026-08-31
A13: 9 | B13: PG사 승인 및 계약 | C13: 필수 | D13: 서비스 이용료만 데브늄에 정산하는 구조가 승인되었는가? | E13: 대표/사업운영 | F13: 완료 | G13: 총 수수료 8.6% 중 PG 원가 제외 서비스 이용료만 데브늄 정산 | H13: 2026-08-31
A14: 10 | B14: PG사 승인 및 계약 | C14: 필수 | D14: 결제·정산 구조를 계약서 또는 부속합의서로 서면 승인받았는가? | E14: 대표/사업운영 | F14: 진행중 | G14: 부속합의서 최종 날인 및 직인 날인 대기 중 | H14: 2026-09-04
A15: 11 | B15: 법률·회계 검토 | C15: 필수 | D15: 데브늄의 구조가 무등록 PG 또는 전자자금이체업에 해당하지 않는지 검토받았는가? | E15: 대표/회계/법무 | F15: 완료 | G15: 전자금융거래법상 대금수령 대행 배제, PG사 정산으로 검토 완료 | H15: 2026-08-27
A16: 12 | B16: 법률·회계 검토 | C16: 필수 | D16: 8.6%가 PG 수수료 전가가 아닌 실제 서비스 이용료로 인정될 수 있는가? | E16: 대표/회계/법무 | F16: 완료 | G16: 플랫폼 중개·알림톡·부고장 솔루션 이용료로 약관 및 계약서 명시 | H16: 2026-08-27
... A131: 127 | B131: 최종 출시 승인 | C131: 필수 | D131: 출시 안내 공지 및 배포를 완료했는가? | E131: 사업운영/마케팅 | F131: 진행중 | G131: 대표님 승인 직후 전사 임직원 및 제휴사 공지 예정 | H131: 2026-09-05

Sheet 영업팀_B2B_검증
A1: [영업팀 관점] B2B 파트너 등록 ➔ QR 포스터 인쇄 ➔ 부고장 작성 ➔ 실적 귀속 검증
A2: 목적: 장례식장 영업 후 전용 QR 코드로 부고장이 생성되고 파트너 계정으로 실적 및 수수료가 정상 집계되는지 검증함.
A4: No | B4: 구분 | C4: 테스트 항목 | D4: 확인 방법 (Action) | E4: 정상 기준 (Expected Result) | F4: 확인 결과 | G4: 메모 및 수정요청사항 | H4: 확인자
A5: 1 | B5: 파트너 등록 | C5: 관리자 화면에서 장례식장 등록 | D5: /admin/partners 접속 (비번 1010) ➔ [신규 파트너 등록] 클릭하여 업체명, 코드(gangso), 연락처 입력 후 저장. | E5: 파트너 목록에 정상 등록 및 고유 식별 코드(gangso) 발급 확인됨. | F5: 미수행
A6: 2 | B6: 전용 링크 | C6: 장례식장 전용 부고 주소 접속 | D6: https://iumbugo.com/create/basic?partner=gangso 주소로 브라우저 접속. | E6: 파트너 전용 부고 작성 화면이 에러 없이 정상 로딩됨. | F6: 미수행
A7: 3 | B7: QR 포스터 | C7: 카운터 비치용 A4 QR 포스터 화면 출력 | D7: https://iumbugo.com/partner/poster 접속 후 코드(gangso) 입력. | E7: 장례식장 상호명과 고유 QR 코드가 A4 포스터 형태로 정상 출력됨. | F7: 미수행
A8: 4 | B8: QR 스캔 | C8: 스마트폰 카메라로 포스터 QR 스캔 | D8: 스마트폰 카메라로 화면 속 QR 코드를 스캔하여 링크 이동. | E8: 모바일 브라우저에서 전용 부고 작성 화면으로 즉시 연결됨. | F8: 미수행
A9: 5 | B9: 부고장 생성 | C9: QR 링크를 통한 유가족 부고장 작성 | D9: 고인명, 상주명, 계좌번호 입력 후 [부고장 완성하기] 클릭. | E9: 부고장이 정상 생성되고 백엔드 DB 내 파트너 실적으로 자동 귀속됨. | F9: 미수행
A10: 6 | B10: 파트너 로그인 | C10: 장례식장 전용 대시보드 로그인 | D10: https://iumbugo.com/partner/login 접속 ➔ 아이디(gangso), 비번(Aa1234!@#$) 입력 후 로그인. | E10: 파트너 전용 대시보드(/partner/dashboard)로 정상 이동함. | F10: 미수행
A11: 7 | B11: 실적 집계 | C11: 대시보드 실시간 부고 발행 건수 확인 | D11: 파트너 대시보드에서 '금일 발행 건수' 및 '누적 건수' 확인. | E11: 방금 작성한 부고장이 실시간 카운트(+1건)에 즉시 반영됨. | F11: 미수행
A12: 8 | B12: 정산금 확인 | C12: 파트너 수수료 정산 예정액 표시 | D12: 파트너 대시보드 내 정산/수수료 탭 확인. | E12: 약정된 요율에 따라 파트너 정산 예정 금액이 정상 계산되어 노출됨. | F12: 미수행
A13: 9 | B13: 부고 목록 | C13: 해당 장례식장 부고 목록 격리 확인 | D13: 파트너 대시보드에서 [발행된 부고 목록] 확인. | E13: 본인 장례식장 부고만 보이고 타 장례식장 부고는 차단됨 (보안 격리). | F13: 미수행
A14: 10 | B14: 모바일 조작 | C14: 모바일/태블릿 화면 대시보드 조작 | D14: 스마트폰 브라우저로 파트너 대시보드 접속 후 터치 조작. | E14: 모바일 화면에서 깨짐 없이 통계 및 목록이 정상 노출됨. | F14: 미수행

Sheet 운영팀_기능_검증
A1: [운영팀 관점] 4종 템플릿 · 가족장/무빈소 · 시간 복원 · 부의금 카드결제 검증
A2: 목적: 부고장 제작, 시간 데이터 저장/복원, 결제 파라미터(md_iumbugo) 및 관리자 기능 무결성을 검증함.
A4: No | B4: 구분 | C4: 테스트 항목 | D4: 확인 방법 (Action) | E4: 정상 기준 (Expected Result) | F4: 확인 결과 | G4: 메모 및 수정요청사항 | H4: 확인자
A5: 1 | B5: 템플릿 | C5: 4종 템플릿 디자인 화면 노출 | D5: /create 접속 ➔ 기본형, 정중형, 안내형, 국화 4개 템플릿 각각 클릭. | E5: 4종 템플릿 배경 그래픽과 레이아웃이 화면 깨짐 없이 정상 노출됨. | F5: 미수행
A6: 2 | B6: 장례 형식 | C6: 가족장 작성 및 장례식장 검색 검증 | D6: 장례 형식 '가족장' 선택 ➔ 장례식장 검색(/api/facilities/search) 및 호실/발인일시 입력. | E6: 장례식장 검색 팝업이 정상 작동하고 부고장이 정상 생성됨. | F6: 미수행
A7: 3 | B7: 장례 형식 | C7: 무빈소 장례 발인일시 선택 완화 | D7: 장례 형식 '무빈소장례' 선택 ➔ 발인일시 비워둔 상태로 생성. | E7: 발인일시 미입력 상태에서도 유효성 통과 및 부고장이 정상 생성됨. | F7: 미수행
A8: 4 | B8: 안내 문구 | C8: 가족장/무빈소 전용 안내 문구 세팅 | D8: 가족장 및 무빈소장례 선택 시 안내 문구 영역 확인. | E8: 선택한 장례 형식에 맞는 기본 안내 문구가 자동 세팅됨. | F8: 미수행
A9: 5 | B9: 임종 시간 | C9: 별세 일자 및 임종 시간 저장 | D9: 고인 정보에 별세일자(2026-10-01)와 임종시간(14:30) 입력 후 저장. | E9: 백엔드 DB에 정상 저장되고 부고장 뷰어에 '14:30' 별세 일시가 정확히 표시됨. | F9: 미수행
A10: 6 | B10: 수정 복원 | C10: 수정하기 재진입 시 시간/계좌 복원 | D10: 부고 완성 후 [수정하기] 버튼 클릭하여 수정 페이지(/create/edit) 재진입. | E10: 기존에 입력한 임종시간, 발인시간, 상주 계좌번호가 100% 온전히 복원됨. | F10: 미수행
A11: 7 | B11: 상주/계좌 | C11: 대표상주 및 추가상주 다중 등록 | D11: [+ 상주 추가] 클릭하여 가족 2~3명 이름 및 계좌번호 입력. | E11: 상주별 관계, 성함, 은행, 계좌번호가 부고장에 순서대로 정상 노출됨. | F11: 미수행
A12: 8 | B12: 부고 뷰어 | C12: 모바일 부고장 뷰어 화면 가독성 | D12: 완성된 부고장 링크(https://iumbugo.com/view/EB...) 스마트폰으로 열기. | E12: 고인명, 향년, 일정, 상주 목록이 겹침 없이 모바일 화면에 깔끔히 정렬됨. | F12: 미수행
A13: 9 | B13: 무빈소 뷰어 | C13: 무빈소 부고장의 빈소 숨김/발인 표시 | D13: 무빈소로 제작된 부고장 화면 열기. | E13: 장례식장 빈소 박스는 숨겨지고 유가족이 입력한 발인/화장 일시만 정상 노출됨. | F13: 미수행
A14: 10 | B14: 지도 길찾기 | C14: 장례식장 지도 연동 및 내비게이션 | D14: 가족장 부고장 하단의 [지도보기 / 길찾기] 버튼 클릭. | E14: 해당 장례식장 위치로 네이버지도/카카오맵 길찾기가 새 창으로 정상 연결됨. | F14: 미수행
A15: 11 | B15: 카카오 공유 | C15: 카카오톡 메시지 카드 전송 | D15: [지인에게 공유하기] ➔ [카카오톡 공유] 클릭하여 대화방으로 전송. | E15: 카카오톡 메시지 카드에 고인명, 향년, 장례식장, 대표 이미지가 정상 전송됨. | F15: 미수행
A16: 12 | B16: 링크 복사 | C16: 부고장 URL 클립보드 복사 | D16: [링크 복사] 클릭 ➔ 메모장에 붙여넣기(Ctrl+V). | E16: 클립보드에 부고장 주소가 복사되고 '복사되었습니다' 토스트 알림이 뜸. | F16: 미수행
... A19: 15 | B19: 어드민 관리 | C19: 관리자 화면에서 부고 조회 및 관리 | D19: /admin 접속 (비번 1010) ➔ 부고 목록 확인. | E19: 생성된 부고가 목록 최상단에 실시간 노출되며 상세조회/수정/삭제가 정상 작동함. | F19: 미수행

Sheet 디자인_UIUX_검증
A1: [디자인/UI·UX 관점] 모바일 반응형 · 템플릿 명도대비 · 버튼 터치 영역 검증
A2: 목적: 고령층 조문객 가독성, 기종별 안전 여백, 버튼 클릭감 및 비주얼 완성도를 검증함.
A4: No | B4: 구분 | C4: 테스트 항목 | D4: 확인 방법 (Action) | E4: 정상 기준 (Expected Result) | F4: 확인 결과 | G4: 메모 및 수정요청사항 | H4: 확인자
A5: 1 | B5: 아이폰 화면 | C5: 아이폰(iOS) 노치 및 하단 홈바 여백 | D5: 아이폰 사파리/크롬으로 부고장 작성 및 뷰어 접속. | E5: 하단 고정 버튼이 홈바와 겹치지 않고 안전 여백(Safe Area)이 확보됨. | F5: 미수행
A6: 2 | B6: 갤럭시 화면 | C6: 갤럭시(Android) 다양한 화면 비율 | D6: 갤럭시 스마트폰 브라우저로 부고장 뷰어 접속. | E6: 가로 스크롤 발생 없이 화면 너비에 맞게 텍스트와 표가 반응형으로 조절됨. | F6: 미수행
A7: 3 | B7: PC 화면 | C7: PC 모니터 화면 중앙 정렬 및 여백 | D7: PC 모니터 브라우저에서 부고장 페이지 열기. | E7: 화면 중앙에 모바일 카드 형태(최대 480px)로 정렬되고 배경 여백이 정돈됨. | F7: 미수행
A8: 4 | B8: 템플릿 가독성 | C8: 4종 템플릿 배경 그래픽과 텍스트 대비 | D8: 4종 템플릿 헤더 영역의 배경 그래픽과 텍스트 대비 확인. | E8: 배경 이미지 위에 얹어진 고인 성함과 일정이 또렷하게 잘 읽힘. | F8: 미수행
A9: 5 | B9: 폰트 크기 | C9: 주요 정보(고인, 일정, 계좌) 폰트 크기 | D9: 부고장 뷰어의 고인명, 발인일시, 상주 목록 폰트 확인. | E9: 주요 정보가 굵고 큼직하게 강조되어 가독성이 확보됨. | F9: 미수행
A10: 6 | B10: 버튼 터치 영역 | C10: 주요 CTA 버튼의 터치 영역 크기 | D10: [부의금 보내기], [지인에게 공유하기] 버튼 터치 조작. | E10: 버튼 높이가 충분(최소 48px 이상)하여 터치가 용이하고 클릭 피드백이 제공됨. | F10: 미수행
A11: 7 | B11: 계좌 복사 팝업 | C11: 부의금 계좌 팝업 및 복사 완료 토스트 | D11: [부의금 보내기] 클릭 ➔ 계좌 팝업 ➔ [계좌번호 복사] 클릭. | E11: 계좌 팝업이 즉시 노출되고, 복사 클릭 시 '복사되었습니다' 토스트 알림이 뜸. | F11: 미수행
A12: 8 | B12: 가상 키보드 | C12: 글 입력 시 가상 키보드 가림 방지 | D12: 스마트폰에서 상주명/계좌번호 입력 칸 터치. | E12: 가상 키보드가 올라와도 입력 칸이 가려지지 않고 화면이 자동 스크롤됨. | F12: 미수행
A13: 9 | B13: 로딩 상태 | C13: 부고장 생성/결제 진행 시 로딩 표시 | D13: 부고장 생성 버튼 또는 카드결제 버튼 클릭. | E13: 처리 중임을 알리는 로딩 인디케이터가 표시되어 중복 클릭이 방지됨. | F13: 미수행
A14: 10 | B14: 카카오톡 카드 | C14: 카카오톡 공유 메시지 카드 레이아웃 | D14: 카카오톡으로 공유된 부고장 메시지 카드 확인. | E14: 고인명, 향년, 빈소 정보와 썸네일 이미지가 잘림 없이 정갈하게 표시됨. | F14: 미수행

Sheet QA_오류_캡처_리포트
A1: [전사 QA] 이슈 · 버그 · 화면 캡처 통합 피드백 리포트
A2: ※ 테스트 중 발견된 화면 깨짐, 오작동, 텍스트 오타, UX 불편사항을 스크린샷 캡처와 함께 아래 표에 자유롭게 기재해 주세요.
A4: No | B4: 발견일시 | C4: 테스터 / 제보자 | D4: 발생 위치 (URL / 화면) | E4: 기기 및 브라우저 환경 | F4: 이슈 유형 | G4: 심각도 | H4: 오류 현상 및 상세 재현 방법 | I4: 정상 동작 (기대 결과) | J4: 📸 화면 캡처 (스크린샷 붙여넣기) | K4: 개발팀 조치 현황 | L4: 조치 내용 및 메모
A5: 1 | B5: 2026-09-02 | C5: 홍길동 테스터 | D5: https://iumbugo.com/create/basic (부고 작성) | E5: 아이폰 15 Pro / 사파리 | F5: 🎨 UI/화면깨짐 | G5: 🟡 보통 | H5: 상주 5명 추가 시 하단 [완료] 버튼이 살짝 가려짐 (스크롤 끝까지 안 됨) | I5: 상주 인원 수에 관계없이 하단 여백이 넉넉히 확보되어 완료 버튼이 잘 보여야 함 | J5: [여기에 캡처 이미지를 붙여넣기 해주세요] | K5: 🛠️ 수정중 | L5: 하단 패딩 padding-bottom: 120px 추가 예정
A6: 2 | B6: 2026-09-02 | C6: 김철수 대리 | D6: 부고장 뷰어 (/view/EB...) | E6: 갤럭시 S24 / 삼성인터넷 | F6: ⚡ 기능오류 | G6: 🚨 긴급(Blocker) | H6: 카카오톡 공유 버튼 클릭 시 팝업이 안 뜨고 먹통 현상 발생 | I6: 카카오톡 공유 모달 또는 카톡 앱이 즉시 호출되어야 함 | J6: [여기에 캡처 이미지를 붙여넣기 해주세요] | K6: ✅ 조치완료 | L6: 카카오 JS SDK 도메인 허용 및 키 동기화 완료
A7: 3 | J7: [여기에 캡처 이미지를 붙여넣기 해주세요] | K7: ⏳ 접수
A8: 4 | J8: [여기에 캡처 이미지를 붙여넣기 해주세요] | K8: ⏳ 접수
A9: 5 | J9: [여기에 캡처 이미지를 붙여넣기 해주세요] | K9: ⏳ 접수
A10: 6 | J10: [여기에 캡처 이미지를 붙여넣기 해주세요] | K10: ⏳ 접수
A11: 7 | J11: [여기에 캡처 이미지를 붙여넣기 해주세요] | K11: ⏳ 접수
A12: 8 | J12: [여기에 캡처 이미지를 붙여넣기 해주세요] | K12: ⏳ 접수
A13: 9 | J13: [여기에 캡처 이미지를 붙여넣기 해주세요] | K13: ⏳ 접수
A14: 10 | J14: [여기에 캡처 이미지를 붙여넣기 해주세요] | K14: ⏳ 접수
